INSERT INTO Insurance (insurance_id, insurance_provider, policy_number, policy_type, coverage_amount) VALUES (1, 'Richardson-Knapp', '5087246', 'Basic', 174535);
INSERT INTO Insurance (insurance_id, insurance_provider, policy_number, policy_type, coverage_amount) VALUES (2, 'Maddox PLC', '8074771', 'Gold', 186601);
INSERT INTO Insurance (insurance_id, insurance_provider, policy_number, policy_type, coverage_amount) VALUES (3, 'Wright-Bradley', '4238116', 'Gold', 151048);
INSERT INTO Insurance (insurance_id, insurance_provider, policy_number, policy_type, coverage_amount) VALUES (4, 'Conner, Lewis and Tucker', '9371573', 'Gold', 193663);
INSERT INTO Insurance (insurance_id, insurance_provider, policy_number, policy_type, coverage_amount) VALUES (5, 'Garcia-Gibbs', '5352895', 'Premium', 54496);
INSERT INTO Insurance (insurance_id, insurance_provider, policy_number, policy_type, coverage_amount) VALUES (6, 'Brown-Butler', '926375', 'Basic', 101715);
INSERT INTO Insurance (insurance_id, insurance_provider, policy_number, policy_type, coverage_amount) VALUES (7, 'Santiago, Cook and Rodriguez', '751981', 'Gold', 68074);
INSERT INTO Insurance (insurance_id, insurance_provider, policy_number, policy_type, coverage_amount) VALUES (8, 'Casey-Haynes', '5416403', 'Premium', 198018);
INSERT INTO Insurance (insurance_id, insurance_provider, policy_number, policy_type, coverage_amount) VALUES (9, 'Johnson LLC', '6600575', 'Premium', 163594);
INSERT INTO Insurance (insurance_id, insurance_provider, policy_number, policy_type, coverage_amount) VALUES (10, 'Knight, Oneill and Jones', '2911913', 'Silver', 131923);

INSERT INTO Patients (patient_id, first_name, last_name, date_of_birth, gender, address, phone_number, email, insurance_id) VALUES (401, 'Richard', 'Sexton', '1993-01-19', 'Male', '1686 Timothy Parkways, Charlesview, WY 52976', '(593)191-8923', 'colleen09@lane.com', 1);
INSERT INTO Patients (patient_id, first_name, last_name, date_of_birth, gender, address, phone_number, email, insurance_id) VALUES (402, 'Sarah', 'Juarez', '1966-02-18', 'Male', '41772 Cynthia Centers, South Alisha, AR 18110', '743-589-4414', 'amberwoodward@graham-walker.com', 4);
INSERT INTO Patients (patient_id, first_name, last_name, date_of_birth, gender, address, phone_number, email, insurance_id) VALUES (403, 'Peter', 'Robinson', '1972-10-04', 'Male', '60600 Lozano Ramp, Aprilmouth, MT 75629', '116-349-0205x2916', 'andrew88@tate.com', 7);
INSERT INTO Patients (patient_id, first_name, last_name, date_of_birth, gender, address, phone_number, email, insurance_id) VALUES (404, 'Corey', 'Mcguire', '1945-04-02', 'Male', '32282 Emily Rapids Apt. 344, West Ryan, DC 36269', '+1-502-813-1828x1713', 'angelabutler@gamble-short.com', 9);
INSERT INTO Patients (patient_id, first_name, last_name, date_of_birth, gender, address, phone_number, email, insurance_id) VALUES (405, 'Arthur', 'Smith', '1957-02-03', 'Male', '270 Butler River Suite 239, Port Carlosshire, KY 79013', '219.078.1078x046', 'wreeves@hotmail.com', 3);
INSERT INTO Patients (patient_id, first_name, last_name, date_of_birth, gender, address, phone_number, email, insurance_id) VALUES (406, 'Robert', 'Jimenez', '1939-04-21', 'Male', '57661 Lauren Springs, Lake Cynthia, NE 44280', '895-177-1185x8542', 'robert70@rodriguez.net', 5);
INSERT INTO Patients (patient_id, first_name, last_name, date_of_birth, gender, address, phone_number, email, insurance_id) VALUES (407, 'James', 'Rodriguez', '2000-12-28', 'Female', 'PSC 3310, Box 4811, APO AP 96680', '942-424-9090x2885', 'danielprice@valdez.com', 8);
INSERT INTO Patients (patient_id, first_name, last_name, date_of_birth, gender, address, phone_number, email, insurance_id) VALUES (408, 'Maria', 'Nguyen', '1983-08-09', 'Female', '5204 Cook Square Suite 027, Lindaton, ID 35782', '058.225.7973', 'powelljacqueline@page.com', 2);
INSERT INTO Patients (patient_id, first_name, last_name, date_of_birth, gender, address, phone_number, email, insurance_id) VALUES (409, 'Jeanne', 'Marsh', '1962-10-16', 'Female', '3961 Kevin Mountain, Lake Sharon, NC 78127', '+1-501-439-2395x5568', 'hayneseric@caldwell.org', 8);
INSERT INTO Patients (patient_id, first_name, last_name, date_of_birth, gender, address, phone_number, email, insurance_id) VALUES (410, 'Brandon', 'Thompson', '1986-01-03', 'Male', '86854 William Brook, Matthewmouth, VA 57320', '8858150226', 'jonesmichelle@hotmail.com', 4);
INSERT INTO Patients (patient_id, first_name, last_name, date_of_birth, gender, address, phone_number, email, insurance_id) VALUES (411, 'Jacob', 'Perez', '1954-05-15', 'Female', '486 Lance Ranch, Montoyamouth, MO 24369', '3576583783', 'jonjones@hotmail.com', 9);
INSERT INTO Patients (patient_id, first_name, last_name, date_of_birth, gender, address, phone_number, email, insurance_id) VALUES (412, 'Beth', 'Bond', '1985-12-24', 'Male', '1094 Estes Flats, South Davidtown, ND 01281', '001-054-400-0917x966', 'abrown@davis-jefferson.com', 7);
INSERT INTO Patients (patient_id, first_name, last_name, date_of_birth, gender, address, phone_number, email, insurance_id) VALUES (413, 'Alexandra', 'Jones', '1986-07-29', 'Female', '892 Thompson Streets, North Andrew, DE 09868', '645.212.6004', 'jonesrobert@hotmail.com', 7);
INSERT INTO Patients (patient_id, first_name, last_name, date_of_birth, gender, address, phone_number, email, insurance_id) VALUES (414, 'Anthony', 'Cruz', '1940-05-23', 'Male', 'USCGC Rodriguez, FPO AP 96477', '597-716-4294', 'derrick32@summers-parker.info', 9);
INSERT INTO Patients (patient_id, first_name, last_name, date_of_birth, gender, address, phone_number, email, insurance_id) VALUES (415, 'Brent', 'Brown', '1964-05-15', 'Female', '708 Ryan Ranch, Lynnberg, MS 93111', '870-289-8131x13910', 'smithashley@hall.org', 3);
INSERT INTO Patients (patient_id, first_name, last_name, date_of_birth, gender, address, phone_number, email, insurance_id) VALUES (416, 'Cody', 'Neal', '1938-04-25', 'Female', '7995 Ethan Cliff Apt. 147, Port Kimberly, KS 99803', '682.469.5950', 'smithsara@yahoo.com', 5);
INSERT INTO Patients (patient_id, first_name, last_name, date_of_birth, gender, address, phone_number, email, insurance_id) VALUES (417, 'Joshua', 'Lopez', '1994-08-27', 'Female', '7743 Cynthia Manors, Jessicamouth, ID 75694', '434.615.4644', 'robin30@gmail.com', 10);
INSERT INTO Patients (patient_id, first_name, last_name, date_of_birth, gender, address, phone_number, email, insurance_id) VALUES (418, 'Candace', 'Davis', '1939-05-05', 'Female', '46637 Jack Spur Suite 654, East Justin, MA 32845', '+1-864-473-2193x237', 'jamesjohn@hayes.com', 2);
INSERT INTO Patients (patient_id, first_name, last_name, date_of_birth, gender, address, phone_number, email, insurance_id) VALUES (419, 'Ashley', 'Landry', '1974-11-24', 'Male', '492 Susan Groves, South Michael, CO 75199', '(312)465-0246', 'rhonda25@robinson.net', 2);
INSERT INTO Patients (patient_id, first_name, last_name, date_of_birth, gender, address, phone_number, email, insurance_id) VALUES (420, 'Tanya', 'Gutierrez', '2003-12-20', 'Male', '4479 Wilson Ways, New Candice, DC 99129', '991.588.8774x37232', 'amandawang@vang.org', 4);
INSERT INTO Patients (patient_id, first_name, last_name, date_of_birth, gender, address, phone_number, email, insurance_id) VALUES (421, 'Stephanie', 'White', '1952-01-12', 'Male', '92668 Michael Skyway, Spencerton, MS 60302', '325-545-9102', 'nelsonsamantha@blake-banks.com', 3);
INSERT INTO Patients (patient_id, first_name, last_name, date_of_birth, gender, address, phone_number, email, insurance_id) VALUES (422, 'Frank', 'Ford', '1977-04-20', 'Male', '32214 Cox Knolls Suite 198, Lake Benjamintown, NE 72175', '+1-793-497-1555x001', 'michaellong@yahoo.com', 8);
INSERT INTO Patients (patient_id, first_name, last_name, date_of_birth, gender, address, phone_number, email, insurance_id) VALUES (423, 'John', 'Johnson', '1953-03-16', 'Female', '12916 Lindsey Glen Apt. 603, New Richardside, MI 93623', '(943)555-1989', 'wmartinez@yahoo.com', 2);
INSERT INTO Patients (patient_id, first_name, last_name, date_of_birth, gender, address, phone_number, email, insurance_id) VALUES (424, 'Austin', 'Perry', '1959-11-02', 'Female', '2284 Michael Stream, East Ambertown, AL 53825', '(786)086-1772', 'gonzalezpaula@gmail.com', 5);
INSERT INTO Patients (patient_id, first_name, last_name, date_of_birth, gender, address, phone_number, email, insurance_id) VALUES (425, 'Jeremy', 'Guzman', '1978-06-07', 'Male', 'PSC 8370, Box 6849, APO AA 95149', '+1-331-803-7657', 'eperez@hotmail.com', 7);
INSERT INTO Patients (patient_id, first_name, last_name, date_of_birth, gender, address, phone_number, email, insurance_id) VALUES (426, 'Robert', 'Ray', '1955-03-15', 'Male', '7425 Campbell Ferry Suite 751, Emilyville, WV 44612', '237.049.2898x5374', 'sglenn@brown.com', 6);
INSERT INTO Patients (patient_id, first_name, last_name, date_of_birth, gender, address, phone_number, email, insurance_id) VALUES (427, 'Jonathan', 'Saunders', '2005-07-11', 'Male', '68273 Walter Drives Apt. 105, Whiteborough, WA 38189', '703.511.6882', 'martinezkevin@price.com', 5);
INSERT INTO Patients (patient_id, first_name, last_name, date_of_birth, gender, address, phone_number, email, insurance_id) VALUES (428, 'Lori', 'Henson', '1979-03-03', 'Female', 'PSC 8359, Box 4246, APO AP 54611', '+1-510-822-0063x5566', 'freemangary@hotmail.com', 10);
INSERT INTO Patients (patient_id, first_name, last_name, date_of_birth, gender, address, phone_number, email, insurance_id) VALUES (429, 'Marilyn', 'Thompson', '1940-10-19', 'Male', '6003 Michael Mountains Suite 269, Port Cynthiafurt, LA 55399', '+1-192-978-3206x713', 'parkerjohn@hotmail.com', 5);
INSERT INTO Patients (patient_id, first_name, last_name, date_of_birth, gender, address, phone_number, email, insurance_id) VALUES (430, 'Scott', 'Reed', '1977-08-19', 'Male', '344 Joseph Harbors, Brandonville, MO 53790', '(577)825-4682x2595', 'martinezernest@gmail.com', 4);
INSERT INTO Patients (patient_id, first_name, last_name, date_of_birth, gender, address, phone_number, email, insurance_id) VALUES (431, 'Valerie', 'Weaver', '1944-05-04', 'Female', '145 Brown Field Apt. 179, Geoffreyton, NV 84046', '809-557-7839', 'jennifer47@yahoo.com', 7);
INSERT INTO Patients (patient_id, first_name, last_name, date_of_birth, gender, address, phone_number, email, insurance_id) VALUES (432, 'Tamara', 'Harris', '1987-12-06', 'Male', '762 Tammy Trail, Shawnview, NM 27212', '001-466-935-2877', 'rthomas@yahoo.com', 7);
INSERT INTO Patients (patient_id, first_name, last_name, date_of_birth, gender, address, phone_number, email, insurance_id) VALUES (433, 'Linda', 'Martinez', '1965-12-02', 'Female', '695 Jeremy Ford Suite 752, Farmerchester, OK 60627', '501-597-8967x023', 'brandy36@giles.org', 2);
INSERT INTO Patients (patient_id, first_name, last_name, date_of_birth, gender, address, phone_number, email, insurance_id) VALUES (434, 'Kayla', 'Park', '1944-04-22', 'Female', '735 Lopez Mountain Apt. 104, Mooreport, WY 69305', '(856)339-4347', 'gallowayluis@allen-smith.biz', 1);
INSERT INTO Patients (patient_id, first_name, last_name, date_of_birth, gender, address, phone_number, email, insurance_id) VALUES (435, 'Allison', 'Jacobs', '1949-09-30', 'Female', '1394 Jesus Street, Calvinberg, UT 16930', '235-251-1436x18303', 'taylorcarolyn@hall-sweeney.com', 4);
INSERT INTO Patients (patient_id, first_name, last_name, date_of_birth, gender, address, phone_number, email, insurance_id) VALUES (436, 'Cory', 'Garcia', '1985-11-06', 'Male', '166 Harvey Forest Suite 591, East Anthonytown, TX 46398', '(796)217-7878', 'david50@carpenter.org', 1);
INSERT INTO Patients (patient_id, first_name, last_name, date_of_birth, gender, address, phone_number, email, insurance_id) VALUES (437, 'Kathy', 'Bean', '1953-08-25', 'Male', '56184 Peterson Parkways Suite 250, Johnsonmouth, OH 90238', '8787791791', 'qsilva@gmail.com', 4);
INSERT INTO Patients (patient_id, first_name, last_name, date_of_birth, gender, address, phone_number, email, insurance_id) VALUES (438, 'Donald', 'Williams', '1978-04-01', 'Male', '45875 Melissa Wall, Bryanport, CT 27796', '(574)555-1288x658', 'riverarussell@hotmail.com', 3);
INSERT INTO Patients (patient_id, first_name, last_name, date_of_birth, gender, address, phone_number, email, insurance_id) VALUES (439, 'Elizabeth', 'Haynes', '1999-02-21', 'Female', '344 Christian Mount Suite 294, Andrewstad, MO 72975', '946.147.2235', 'karen89@hotmail.com', 2);
INSERT INTO Patients (patient_id, first_name, last_name, date_of_birth, gender, address, phone_number, email, insurance_id) VALUES (440, 'Danielle', 'Stevens', '1955-03-15', 'Female', '5421 Megan Station Apt. 105, Nicoleton, CO 36545', '793.667.5405', 'michael80@hotmail.com', 4);
INSERT INTO Patients (patient_id, first_name, last_name, date_of_birth, gender, address, phone_number, email, insurance_id) VALUES (441, 'Emily', 'Chavez', '1998-08-13', 'Female', 'PSC 5025, Box 9048, APO AA 54762', '740-271-4649x52859', 'agregory@brooks.net', 8);
INSERT INTO Patients (patient_id, first_name, last_name, date_of_birth, gender, address, phone_number, email, insurance_id) VALUES (442, 'Chad', 'Mcdaniel', '1980-09-27', 'Male', '44658 Li Squares, East Tammyside, TX 13103', '294-479-3268', 'hcampbell@gmail.com', 1);
INSERT INTO Patients (patient_id, first_name, last_name, date_of_birth, gender, address, phone_number, email, insurance_id) VALUES (443, 'Carrie', 'Thompson', '1962-02-16', 'Female', '386 Davis Springs Suite 158, Lake Ryanberg, SC 21597', '+1-792-212-6082x7301', 'jon54@yahoo.com', 9);
INSERT INTO Patients (patient_id, first_name, last_name, date_of_birth, gender, address, phone_number, email, insurance_id) VALUES (444, 'Frank', 'Gibson', '1978-05-07', 'Female', '57777 Alexandra Glen Suite 225, West Stephanie, RI 44737', '634-777-0806', 'charles03@mccarthy-williams.info', 4);
INSERT INTO Patients (patient_id, first_name, last_name, date_of_birth, gender, address, phone_number, email, insurance_id) VALUES (445, 'Brian', 'Gray', '1969-07-04', 'Female', '2824 Jessica Dam Suite 313, Petersonmouth, AR 37206', '709-185-0488', 'jessicachan@gmail.com', 1);
INSERT INTO Patients (patient_id, first_name, last_name, date_of_birth, gender, address, phone_number, email, insurance_id) VALUES (446, 'Janet', 'Hahn', '1953-11-04', 'Male', '241 Mary Courts, New Lindsay, AK 82877', '542-264-2813x72128', 'watsonalexander@hotmail.com', 10);
INSERT INTO Patients (patient_id, first_name, last_name, date_of_birth, gender, address, phone_number, email, insurance_id) VALUES (447, 'Kathleen', 'Lin', '1970-02-20', 'Female', '373 Davidson Views, Jessicaville, NH 39635', '248.187.4149x98803', 'laurenyoung@yahoo.com', 1);
INSERT INTO Patients (patient_id, first_name, last_name, date_of_birth, gender, address, phone_number, email, insurance_id) VALUES (448, 'Phillip', 'Wright', '1941-05-02', 'Female', '6321 Rios Stravenue Apt. 796, Watkinsport, ID 03876', '046-330-4765x477', 'jesusbryant@taylor.com', 6);
INSERT INTO Patients (patient_id, first_name, last_name, date_of_birth, gender, address, phone_number, email, insurance_id) VALUES (449, 'Michael', 'Jones', '1966-09-13', 'Male', '84669 Kelly Extension Apt. 518, New Danielfurt, TN 25182', '+1-869-464-6286x2664', 'jcooper@brown.info', 6);
INSERT INTO Patients (patient_id, first_name, last_name, date_of_birth, gender, address, phone_number, email, insurance_id) VALUES (450, 'Brianna', 'Davis', '1942-08-20', 'Male', '9945 Aaron Pine Suite 015, South Julia, DC 46598', '339-229-8838x5563', 'kimsara@durham.com', 2);
INSERT INTO Patients (patient_id, first_name, last_name, date_of_birth, gender, address, phone_number, email, insurance_id) VALUES (451, 'Elizabeth', 'Sutton', '1956-08-09', 'Female', 'PSC 3645, Box 6744, APO AP 37243', '+1-311-354-4503x9091', 'bradleyryan@yahoo.com', 9);
INSERT INTO Patients (patient_id, first_name, last_name, date_of_birth, gender, address, phone_number, email, insurance_id) VALUES (452, 'Manuel', 'Murphy', '1979-03-16', 'Female', '7664 Bryant Extension, Rebeccaborough, VT 53164', '117.070.2476', 'gonzalezbrian@jacobs-shaw.biz', 10);
INSERT INTO Patients (patient_id, first_name, last_name, date_of_birth, gender, address, phone_number, email, insurance_id) VALUES (453, 'Ellen', 'Gordon', '1940-03-09', 'Female', '6581 Johnson Pike Suite 234, East Carolyn, WA 46640', '414-181-2177x37679', 'aaron36@hotmail.com', 5);
INSERT INTO Patients (patient_id, first_name, last_name, date_of_birth, gender, address, phone_number, email, insurance_id) VALUES (454, 'Theresa', 'Moore', '2002-08-20', 'Male', '4355 Hailey Underpass, Kellyshire, NC 44915', '(722)301-8946x24001', 'garciamelissa@ward-taylor.net', 2);
INSERT INTO Patients (patient_id, first_name, last_name, date_of_birth, gender, address, phone_number, email, insurance_id) VALUES (455, 'David', 'Bowman', '1968-05-20', 'Female', '1945 Clark Shore Apt. 826, Crystalhaven, VA 81230', '(365)866-8645', 'ymelton@yahoo.com', 6);
INSERT INTO Patients (patient_id, first_name, last_name, date_of_birth, gender, address, phone_number, email, insurance_id) VALUES (456, 'Brandi', 'Campbell', '1951-02-17', 'Male', '7270 Chad Manors Suite 868, Lake Lindaview, NH 28523', '+1-721-106-4064x5882', 'rogersbrian@freeman.com', 9);
INSERT INTO Patients (patient_id, first_name, last_name, date_of_birth, gender, address, phone_number, email, insurance_id) VALUES (457, 'Jerome', 'Hamilton', '1957-10-28', 'Female', '328 Michael Village, North Joymouth, MT 36559', '001-799-012-0671', 'johnlong@yahoo.com', 5);
INSERT INTO Patients (patient_id, first_name, last_name, date_of_birth, gender, address, phone_number, email, insurance_id) VALUES (458, 'Thomas', 'Anderson', '1969-02-28', 'Female', '0064 Luis Rue, Lake Tracie, LA 32672', '+1-478-206-2893', 'zkelly@hayden.com', 3);
INSERT INTO Patients (patient_id, first_name, last_name, date_of_birth, gender, address, phone_number, email, insurance_id) VALUES (459, 'Zachary', 'Page', '2002-11-06', 'Male', '8695 Macdonald Ways, Lake Normashire, LA 36755', '580.128.9024x20402', 'alyssathomas@lewis-olson.com', 9);
INSERT INTO Patients (patient_id, first_name, last_name, date_of_birth, gender, address, phone_number, email, insurance_id) VALUES (460, 'Corey', 'Dean', '1949-07-31', 'Female', '224 Jenna Plaza Suite 091, South Jesuschester, TX 97825', '836.774.0325x8281', 'grios@gmail.com', 6);
INSERT INTO Patients (patient_id, first_name, last_name, date_of_birth, gender, address, phone_number, email, insurance_id) VALUES (461, 'Andrew', 'Long', '1987-12-19', 'Male', '34981 Austin Ridge Suite 330, Alexburgh, PA 15689', '862-661-4777x9132', 'xmatthews@velazquez.com', 3);
INSERT INTO Patients (patient_id, first_name, last_name, date_of_birth, gender, address, phone_number, email, insurance_id) VALUES (462, 'Jason', 'Anderson', '1992-03-14', 'Female', '0629 Frank Prairie Apt. 117, Port Anneburgh, NC 98271', '001-514-526-7600x599', 'nowen@perez.com', 10);
INSERT INTO Patients (patient_id, first_name, last_name, date_of_birth, gender, address, phone_number, email, insurance_id) VALUES (463, 'Ashley', 'Walsh', '1967-08-01', 'Male', '956 Camacho Fords, Sparksburgh, IN 39875', '210-274-2419x7162', 'tshelton@hotmail.com', 4);
INSERT INTO Patients (patient_id, first_name, last_name, date_of_birth, gender, address, phone_number, email, insurance_id) VALUES (464, 'Carrie', 'Doyle', '1945-07-24', 'Female', '913 Glenn Circle, Beasleychester, UT 08243', '059.568.9931x414', 'eestrada@schultz.com', 7);
INSERT INTO Patients (patient_id, first_name, last_name, date_of_birth, gender, address, phone_number, email, insurance_id) VALUES (465, 'Heather', 'Holmes', '2001-07-31', 'Female', '33214 Nguyen Way, West Cameronmouth, SD 71541', '695-662-1149x3077', 'laurenbennett@hotmail.com', 6);
INSERT INTO Patients (patient_id, first_name, last_name, date_of_birth, gender, address, phone_number, email, insurance_id) VALUES (466, 'George', 'Estrada', '1948-08-01', 'Female', '955 Burns Corner, East Leslie, CA 16674', '(294)367-2692x09373', 'kduncan@mendez.com', 7);
INSERT INTO Patients (patient_id, first_name, last_name, date_of_birth, gender, address, phone_number, email, insurance_id) VALUES (467, 'Jared', 'Brown', '1999-10-18', 'Male', '2193 Victor Lodge, South Bradleyburgh, LA 79360', '(553)586-7605x8425', 'jamesfuller@yahoo.com', 4);
INSERT INTO Patients (patient_id, first_name, last_name, date_of_birth, gender, address, phone_number, email, insurance_id) VALUES (468, 'Robert', 'Horton', '1986-01-07', 'Female', '833 Shannon Isle, Coreychester, SD 07518', '449-762-6986x851', 'jack94@lee-castaneda.org', 1);
INSERT INTO Patients (patient_id, first_name, last_name, date_of_birth, gender, address, phone_number, email, insurance_id) VALUES (469, 'Jeremy', 'Williams', '1946-03-08', 'Male', '825 Smith Mills, Greenbury, NE 66399', '662.318.5639', 'jermainegordon@solis.com', 8);
INSERT INTO Patients (patient_id, first_name, last_name, date_of_birth, gender, address, phone_number, email, insurance_id) VALUES (470, 'Mark', 'Sosa', '1957-11-30', 'Male', '02163 Gary Station Suite 205, South Cassandrafurt, MD 05751', '+1-391-992-4325x8955', 'brettwilliams@yahoo.com', 1);
INSERT INTO Patients (patient_id, first_name, last_name, date_of_birth, gender, address, phone_number, email, insurance_id) VALUES (471, 'Emily', 'Pacheco', '1988-03-17', 'Male', '667 David River Suite 919, West Morgan, NH 49836', '824-836-4838', 'austin35@hotmail.com', 1);
INSERT INTO Patients (patient_id, first_name, last_name, date_of_birth, gender, address, phone_number, email, insurance_id) VALUES (472, 'David', 'Butler', '1947-06-09', 'Male', '3755 Brandon Loop, Hansenmouth, WA 84806', '685.083.4961x3225', 'tylercole@gmail.com', 8);
INSERT INTO Patients (patient_id, first_name, last_name, date_of_birth, gender, address, phone_number, email, insurance_id) VALUES (473, 'Sophia', 'Graves', '1950-07-17', 'Male', '3176 Robert Cliffs, Williamstad, WA 59363', '(208)814-2545', 'thomasbarber@yahoo.com', 2);
INSERT INTO Patients (patient_id, first_name, last_name, date_of_birth, gender, address, phone_number, email, insurance_id) VALUES (474, 'Taylor', 'Fields', '1934-02-13', 'Female', '5990 Valencia Place, West Joshuaview, HI 41912', '836.322.9404x453', 'smithkatie@carr.com', 6);
INSERT INTO Patients (patient_id, first_name, last_name, date_of_birth, gender, address, phone_number, email, insurance_id) VALUES (475, 'Johnny', 'Montgomery', '1964-06-11', 'Female', '2057 Jon Plain, Jensenburgh, GA 75500', '421-926-1868x18282', 'wferguson@stevens.info', 4);
INSERT INTO Patients (patient_id, first_name, last_name, date_of_birth, gender, address, phone_number, email, insurance_id) VALUES (476, 'Stephanie', 'Jimenez', '1967-06-30', 'Male', '977 Kim Tunnel, Cookehaven, IN 04796', '134-665-7773', 'xharper@gmail.com', 3);
INSERT INTO Patients (patient_id, first_name, last_name, date_of_birth, gender, address, phone_number, email, insurance_id) VALUES (477, 'Cynthia', 'Combs', '1963-08-08', 'Male', '58840 Martin Plains, Heatherborough, IA 60623', '+1-661-660-9342', 'aclayton@yahoo.com', 1);
INSERT INTO Patients (patient_id, first_name, last_name, date_of_birth, gender, address, phone_number, email, insurance_id) VALUES (478, 'Victoria', 'King', '1954-05-01', 'Female', '3974 Warner Springs Suite 065, East Amyland, WY 85236', '+1-695-623-5710', 'sharon84@kramer.com', 10);
INSERT INTO Patients (patient_id, first_name, last_name, date_of_birth, gender, address, phone_number, email, insurance_id) VALUES (479, 'Jason', 'Kane', '1981-05-29', 'Female', '106 Carter Bypass, Victoriaburgh, MO 85035', '459.707.5883x909', 'nguyenpaul@gmail.com', 4);
INSERT INTO Patients (patient_id, first_name, last_name, date_of_birth, gender, address, phone_number, email, insurance_id) VALUES (480, 'William', 'Griffin', '2003-07-11', 'Male', '443 Gabrielle Crest, Kellymouth, DC 10216', '314.166.6685x721', 'wendy34@hotmail.com', 5);
INSERT INTO Patients (patient_id, first_name, last_name, date_of_birth, gender, address, phone_number, email, insurance_id) VALUES (481, 'Ray', 'Williams', '1950-10-14', 'Female', '8502 Forbes Camp, South Brianside, PA 26719', '131-737-2702', 'yballard@watson-palmer.info', 1);
INSERT INTO Patients (patient_id, first_name, last_name, date_of_birth, gender, address, phone_number, email, insurance_id) VALUES (482, 'Leslie', 'Brandt', '1983-01-08', 'Female', '23394 Russell Lane, Angelatown, KY 32713', '219.013.2970', 'lisahenry@harmon-lopez.com', 7);
INSERT INTO Patients (patient_id, first_name, last_name, date_of_birth, gender, address, phone_number, email, insurance_id) VALUES (483, 'Thomas', 'Mason', '1939-08-19', 'Female', '625 Grant Ways, Williamsstad, MD 58264', '001-977-087-4180x343', 'ystevens@hotmail.com', 1);
INSERT INTO Patients (patient_id, first_name, last_name, date_of_birth, gender, address, phone_number, email, insurance_id) VALUES (484, 'Scott', 'Perry', '1935-04-11', 'Female', '829 Young Trace Suite 122, New Jamie, MS 63165', '001-205-262-8599x142', 'otaylor@hotmail.com', 9);
INSERT INTO Patients (patient_id, first_name, last_name, date_of_birth, gender, address, phone_number, email, insurance_id) VALUES (485, 'Julie', 'Brown', '1975-07-01', 'Male', '08120 Jordan Mountain, Coxville, SD 77128', '+1-160-993-5458x750', 'andrew84@gmail.com', 2);
INSERT INTO Patients (patient_id, first_name, last_name, date_of_birth, gender, address, phone_number, email, insurance_id) VALUES (486, 'Samuel', 'Sanchez', '1990-07-24', 'Female', 'USNS Jacobs, FPO AP 76735', '790-687-8720x856', 'williecollins@boyle.biz', 2);
INSERT INTO Patients (patient_id, first_name, last_name, date_of_birth, gender, address, phone_number, email, insurance_id) VALUES (487, 'Kristine', 'Castro', '2003-01-17', 'Female', '4968 Alexander Place Apt. 735, Williamshaven, AZ 95758', '1432073486', 'pcole@gmail.com', 4);
INSERT INTO Patients (patient_id, first_name, last_name, date_of_birth, gender, address, phone_number, email, insurance_id) VALUES (488, 'Adam', 'Gibbs', '2003-10-01', 'Male', '74546 Holmes Stravenue Apt. 358, East Haleyland, MS 45616', '001-940-226-4158x817', 'melissahenderson@yahoo.com', 3);
INSERT INTO Patients (patient_id, first_name, last_name, date_of_birth, gender, address, phone_number, email, insurance_id) VALUES (489, 'Miguel', 'Phillips', '1996-01-10', 'Female', '1087 Snyder Island, Debrahaven, SD 18400', '(886)082-1272', 'douglas53@gmail.com', 8);
INSERT INTO Patients (patient_id, first_name, last_name, date_of_birth, gender, address, phone_number, email, insurance_id) VALUES (490, 'Marc', 'Carpenter', '2003-10-05', 'Female', '304 Kathleen Stream, Tracyburgh, NE 25146', '121-500-1401', 'alexandria35@gmail.com', 10);
INSERT INTO Patients (patient_id, first_name, last_name, date_of_birth, gender, address, phone_number, email, insurance_id) VALUES (491, 'Amanda', 'Ferguson', '1957-12-04', 'Male', '606 Sarah Track, Port Matthew, SC 62502', '+1-762-231-4314x705', 'vholmes@herrera.net', 7);
INSERT INTO Patients (patient_id, first_name, last_name, date_of_birth, gender, address, phone_number, email, insurance_id) VALUES (492, 'Laurie', 'Fitzpatrick', '1995-03-29', 'Male', '51933 Lisa Glens Apt. 897, Christianfort, VT 05987', '057.155.0410', 'martin62@yahoo.com', 5);
INSERT INTO Patients (patient_id, first_name, last_name, date_of_birth, gender, address, phone_number, email, insurance_id) VALUES (493, 'Robert', 'Kerr', '1951-07-27', 'Female', '053 Morgan Shore Apt. 955, South Mason, IA 60337', '001-520-608-6531x927', 'charles61@yahoo.com', 8);
INSERT INTO Patients (patient_id, first_name, last_name, date_of_birth, gender, address, phone_number, email, insurance_id) VALUES (494, 'John', 'Perez', '1988-08-30', 'Male', '3774 Samantha Station, East Anne, KY 00898', '(950)461-7972x71416', 'adam29@hartman.com', 5);
INSERT INTO Patients (patient_id, first_name, last_name, date_of_birth, gender, address, phone_number, email, insurance_id) VALUES (495, 'Lisa', 'Ward', '1970-07-17', 'Female', '1355 Henderson Turnpike Suite 151, North Raymondshire, ND 81074', '068.890.5774x5193', 'tanya83@yahoo.com', 6);
INSERT INTO Patients (patient_id, first_name, last_name, date_of_birth, gender, address, phone_number, email, insurance_id) VALUES (496, 'Olivia', 'Cox', '1989-07-03', 'Female', '627 Gordon Unions Suite 663, Lake Jacob, MO 58274', '(300)808-1865x7977', 'troy70@martin-wright.com', 1);
INSERT INTO Patients (patient_id, first_name, last_name, date_of_birth, gender, address, phone_number, email, insurance_id) VALUES (497, 'Theresa', 'Brown', '1940-03-23', 'Male', '31610 Nicole Landing Suite 455, Murphybury, CO 45168', '+1-439-053-8841', 'michael53@woods-sanders.com', 5);
INSERT INTO Patients (patient_id, first_name, last_name, date_of_birth, gender, address, phone_number, email, insurance_id) VALUES (498, 'Angela', 'Gonzalez', '2003-10-30', 'Female', '6160 Joy Mountain, Port Alexisfurt, AZ 83979', '001-712-180-0366', 'rmcdonald@yahoo.com', 2);
INSERT INTO Patients (patient_id, first_name, last_name, date_of_birth, gender, address, phone_number, email, insurance_id) VALUES (499, 'Brittany', 'Thomas', '1969-05-07', 'Female', '6865 Ryan Branch Suite 957, South Brittany, WY 57700', '001-130-790-5690x665', 'diana37@hotmail.com', 4);
INSERT INTO Patients (patient_id, first_name, last_name, date_of_birth, gender, address, phone_number, email, insurance_id) VALUES (500, 'Luis', 'Whitehead', '1968-09-27', 'Female', '3368 Misty Plain, Robertsonberg, DC 29307', '6625319716', 'kathleen99@hotmail.com', 8);
INSERT INTO Patients (patient_id, first_name, last_name, date_of_birth, gender, address, phone_number, email, insurance_id) VALUES (501, 'Sydney', 'Walter', '1953-09-01', 'Male', '72929 Robert Ridge, Port Nathanville, VT 57397', '117-753-8028', 'gibsonjim@hotmail.com', 5);
INSERT INTO Patients (patient_id, first_name, last_name, date_of_birth, gender, address, phone_number, email, insurance_id) VALUES (502, 'Ashley', 'Graham', '1997-10-13', 'Male', '154 Jones Estate Apt. 568, Port Kevinbury, NE 56191', '849-069-8194x6262', 'jsanchez@hotmail.com', 7);
INSERT INTO Patients (patient_id, first_name, last_name, date_of_birth, gender, address, phone_number, email, insurance_id) VALUES (503, 'Alexander', 'Mason', '1954-07-15', 'Female', '0206 Hale Meadow, West Lisa, KS 71936', '530-385-6815', 'jessicahunt@hayes.com', 2);
INSERT INTO Patients (patient_id, first_name, last_name, date_of_birth, gender, address, phone_number, email, insurance_id) VALUES (504, 'Katrina', 'Lee', '1963-11-16', 'Male', 'Unit 6726 Box 5582, DPO AE 12078', '+1-899-624-9786x6980', 'ehoover@juarez.com', 5);
INSERT INTO Patients (patient_id, first_name, last_name, date_of_birth, gender, address, phone_number, email, insurance_id) VALUES (505, 'Michael', 'Myers', '1956-03-08', 'Male', '2748 Chang Meadows Suite 112, East Robert, KS 85363', '001-754-979-7466x948', 'penny38@schultz-little.info', 10);
INSERT INTO Patients (patient_id, first_name, last_name, date_of_birth, gender, address, phone_number, email, insurance_id) VALUES (506, 'James', 'Phillips', '1997-04-12', 'Female', 'Unit 1229 Box 5489, DPO AE 51071', '3036865028', 'joseph83@hotmail.com', 2);
INSERT INTO Patients (patient_id, first_name, last_name, date_of_birth, gender, address, phone_number, email, insurance_id) VALUES (507, 'Joanna', 'Gates', '1990-02-24', 'Male', '091 Courtney Street Apt. 766, New Candice, MD 71998', '733.749.8781x36819', 'sandrajones@wells.com', 2);
INSERT INTO Patients (patient_id, first_name, last_name, date_of_birth, gender, address, phone_number, email, insurance_id) VALUES (508, 'Christian', 'Cain', '1943-03-01', 'Female', 'Unit 3868 Box 8421, DPO AA 19689', '001-439-006-2258x469', 'bridgetclark@davis.com', 9);
INSERT INTO Patients (patient_id, first_name, last_name, date_of_birth, gender, address, phone_number, email, insurance_id) VALUES (509, 'Rebecca', 'Fischer', '1973-08-18', 'Female', '23096 Cory Stravenue, Jenniferview, MI 36317', '432.434.5810x8169', 'patricia92@zuniga-martinez.com', 5);
INSERT INTO Patients (patient_id, first_name, last_name, date_of_birth, gender, address, phone_number, email, insurance_id) VALUES (510, 'Christina', 'Simmons', '1961-02-22', 'Female', '061 Brianna Cove Suite 648, Pierceland, UT 79508', '6877720020', 'dsmith@carter.com', 4);
INSERT INTO Patients (patient_id, first_name, last_name, date_of_birth, gender, address, phone_number, email, insurance_id) VALUES (511, 'Tara', 'Hunter', '1987-06-12', 'Female', '5589 Erickson Passage Suite 749, Josephchester, KY 00872', '284.385.2852x8759', 'reesealexandra@hotmail.com', 9);
INSERT INTO Patients (patient_id, first_name, last_name, date_of_birth, gender, address, phone_number, email, insurance_id) VALUES (512, 'Mary', 'Howe', '1972-06-07', 'Male', '7368 Daniel Meadow Apt. 363, Lake Benjamin, FL 65649', '973.414.6099', 'snydertara@fletcher.com', 5);
INSERT INTO Patients (patient_id, first_name, last_name, date_of_birth, gender, address, phone_number, email, insurance_id) VALUES (513, 'Christine', 'Kim', '1937-12-23', 'Male', '71309 David Pine, New Philip, KS 63140', '+1-447-327-4473x0217', 'yprice@bailey.com', 4);
INSERT INTO Patients (patient_id, first_name, last_name, date_of_birth, gender, address, phone_number, email, insurance_id) VALUES (514, 'Robin', 'Scott', '1951-01-21', 'Male', '98089 Day Greens, West Kristin, MT 54722', '001-579-355-0513', 'pfleming@yahoo.com', 10);
INSERT INTO Patients (patient_id, first_name, last_name, date_of_birth, gender, address, phone_number, email, insurance_id) VALUES (515, 'Anthony', 'Williams', '1980-01-25', 'Male', '72980 Bridget Forest Suite 917, New Jeffreymouth, UT 22059', '376-869-0382', 'toni54@walker.com', 1);
INSERT INTO Patients (patient_id, first_name, last_name, date_of_birth, gender, address, phone_number, email, insurance_id) VALUES (516, 'Courtney', 'Stone', '1989-06-15', 'Male', '5779 Felicia Plains Apt. 475, Lake Jessica, UT 21633', '001-039-700-6119x885', 'wbaker@gmail.com', 5);
INSERT INTO Patients (patient_id, first_name, last_name, date_of_birth, gender, address, phone_number, email, insurance_id) VALUES (517, 'Dawn', 'Ballard', '1986-07-24', 'Female', '649 Cynthia Village Apt. 459, Jonesberg, AR 99054', '807-740-2315x0418', 'fritzdiana@combs-holmes.com', 6);
INSERT INTO Patients (patient_id, first_name, last_name, date_of_birth, gender, address, phone_number, email, insurance_id) VALUES (518, 'Jacob', 'Cooper', '2005-11-26', 'Male', '9493 Kelly Keys Apt. 292, Joshuatown, WV 58052', '087.723.2929', 'martinezbrett@mora.com', 5);
INSERT INTO Patients (patient_id, first_name, last_name, date_of_birth, gender, address, phone_number, email, insurance_id) VALUES (519, 'Fernando', 'Gibson', '1998-02-14', 'Female', '948 Shawn Brook Suite 049, Danieltown, DC 96809', '(183)409-9582', 'jennifer19@dudley-bray.com', 3);
INSERT INTO Patients (patient_id, first_name, last_name, date_of_birth, gender, address, phone_number, email, insurance_id) VALUES (520, 'Keith', 'Wright', '1974-12-13', 'Male', '167 Chelsea Dam Suite 533, Port Jessica, OK 36544', '441-174-5002', 'mtorres@gmail.com', 6);
INSERT INTO Patients (patient_id, first_name, last_name, date_of_birth, gender, address, phone_number, email, insurance_id) VALUES (521, 'Brandon', 'Garcia', '1941-04-22', 'Male', '276 Oneal Fords, North Thomas, CO 15192', '(961)361-1493x5472', 'kellyshaw@hotmail.com', 3);
INSERT INTO Patients (patient_id, first_name, last_name, date_of_birth, gender, address, phone_number, email, insurance_id) VALUES (522, 'Dana', 'Wilson', '1951-02-26', 'Male', '88448 Henderson Extensions, West Richardport, MD 28802', '(421)456-6961x47015', 'pattonlaurie@yahoo.com', 3);
INSERT INTO Patients (patient_id, first_name, last_name, date_of_birth, gender, address, phone_number, email, insurance_id) VALUES (523, 'Samantha', 'Walker', '1970-05-03', 'Male', '5051 Robert Ramp, South Kimberlyton, NE 53372', '990.511.7935', 'rwarner@sanchez.info', 2);
INSERT INTO Patients (patient_id, first_name, last_name, date_of_birth, gender, address, phone_number, email, insurance_id) VALUES (524, 'Kathleen', 'Rice', '1991-08-01', 'Female', '060 Klein Terrace, New Denniston, OK 30331', '236.354.0574', 'danielszachary@johnson.biz', 2);
INSERT INTO Patients (patient_id, first_name, last_name, date_of_birth, gender, address, phone_number, email, insurance_id) VALUES (525, 'Daniel', 'Walker', '1968-01-13', 'Male', '81425 Joe Oval, North Kelseyville, NJ 72905', '001-362-484-8522x334', 'ncole@malone.com', 1);
INSERT INTO Patients (patient_id, first_name, last_name, date_of_birth, gender, address, phone_number, email, insurance_id) VALUES (526, 'George', 'Mclean', '1967-08-20', 'Male', '89324 Brittany Spur, Vickieside, AR 13405', '+1-709-293-7710', 'nathan67@zamora.com', 7);
INSERT INTO Patients (patient_id, first_name, last_name, date_of_birth, gender, address, phone_number, email, insurance_id) VALUES (527, 'Rebecca', 'Bush', '1938-03-17', 'Male', '58902 Andrew Branch, South James, AZ 99002', '382-539-8314', 'kristy81@pittman.com', 4);
INSERT INTO Patients (patient_id, first_name, last_name, date_of_birth, gender, address, phone_number, email, insurance_id) VALUES (528, 'Anna', 'Beasley', '1988-12-04', 'Female', '2205 Jill Path Suite 911, Thomasmouth, NE 25258', '837.624.1348', 'audreylee@gmail.com', 10);
INSERT INTO Patients (patient_id, first_name, last_name, date_of_birth, gender, address, phone_number, email, insurance_id) VALUES (529, 'Cory', 'Rodriguez', '1934-01-05', 'Female', '0887 Connie Shoals, Lake Jeffrey, NH 29629', '102-312-4124x96469', 'msharp@yahoo.com', 8);
INSERT INTO Patients (patient_id, first_name, last_name, date_of_birth, gender, address, phone_number, email, insurance_id) VALUES (530, 'Christina', 'Knight', '1945-03-19', 'Female', 'Unit 1137 Box 7272, DPO AP 94315', '(236)511-3628x1660', 'omeyer@jennings-robinson.com', 8);
INSERT INTO Patients (patient_id, first_name, last_name, date_of_birth, gender, address, phone_number, email, insurance_id) VALUES (531, 'Jose', 'Burns', '2001-08-05', 'Female', '77448 Hall Islands, Melissaton, AR 52882', '341-417-5327x40242', 'bryan76@hotmail.com', 9);
INSERT INTO Patients (patient_id, first_name, last_name, date_of_birth, gender, address, phone_number, email, insurance_id) VALUES (532, 'Kristi', 'Garner', '1934-10-01', 'Male', '4053 Blair Spurs, Lake Rachelfurt, WI 09347', '+1-733-224-1450x8264', 'yvettehuffman@cole.com', 4);
INSERT INTO Patients (patient_id, first_name, last_name, date_of_birth, gender, address, phone_number, email, insurance_id) VALUES (533, 'Jacob', 'Payne', '1977-12-07', 'Male', '5402 Nicole Flats Suite 063, West Hayley, WV 14727', '640.224.1229', 'derrick24@johnson-schwartz.com', 1);
INSERT INTO Patients (patient_id, first_name, last_name, date_of_birth, gender, address, phone_number, email, insurance_id) VALUES (534, 'Eric', 'Cook', '1992-04-09', 'Male', '779 Hamilton Groves Apt. 120, Lake Elizabethchester, NJ 76403', '3842849388', 'michael06@lee-levy.com', 3);
INSERT INTO Patients (patient_id, first_name, last_name, date_of_birth, gender, address, phone_number, email, insurance_id) VALUES (535, 'Savannah', 'Foster', '1982-03-25', 'Female', '91397 Ellen Inlet Suite 727, East Meganbury, MN 48631', '702-148-7931x23472', 'trogers@sanders.org', 9);
INSERT INTO Patients (patient_id, first_name, last_name, date_of_birth, gender, address, phone_number, email, insurance_id) VALUES (536, 'Jasmine', 'Thomas', '1966-12-31', 'Female', '6654 Hart Lodge Apt. 184, Chanville, MD 05333', '175.752.3587x370', 'warrennicholas@gmail.com', 6);
INSERT INTO Patients (patient_id, first_name, last_name, date_of_birth, gender, address, phone_number, email, insurance_id) VALUES (537, 'Nicole', 'Strong', '1963-10-03', 'Female', '1002 Mclaughlin Route Apt. 207, Lake Williamburgh, MT 17211', '001-580-991-6591x652', 'joseharris@yahoo.com', 1);
INSERT INTO Patients (patient_id, first_name, last_name, date_of_birth, gender, address, phone_number, email, insurance_id) VALUES (538, 'Mary', 'Simmons', '1968-12-12', 'Male', '041 Misty Way Suite 689, New Hollymouth, ME 83991', '+1-066-093-0162x830', 'huynhjennifer@burgess-miller.com', 5);
INSERT INTO Patients (patient_id, first_name, last_name, date_of_birth, gender, address, phone_number, email, insurance_id) VALUES (539, 'Brooke', 'Lopez', '1998-07-01', 'Male', '7482 Joel Gardens, Danaberg, VA 27853', '632-203-7312x39592', 'christiangallagher@hotmail.com', 8);
INSERT INTO Patients (patient_id, first_name, last_name, date_of_birth, gender, address, phone_number, email, insurance_id) VALUES (540, 'Marcus', 'Peck', '1934-06-26', 'Male', 'USNS Olson, FPO AA 89705', '835.747.2809x9761', 'kelleyjesse@gmail.com', 7);
INSERT INTO Patients (patient_id, first_name, last_name, date_of_birth, gender, address, phone_number, email, insurance_id) VALUES (541, 'Michael', 'Dickerson', '1983-12-30', 'Female', '68974 Anderson Lights, Lake Timothyhaven, NM 89773', '(607)663-3499x1359', 'ibryant@hudson.org', 5);
INSERT INTO Patients (patient_id, first_name, last_name, date_of_birth, gender, address, phone_number, email, insurance_id) VALUES (542, 'Amber', 'Valencia', '1947-07-07', 'Male', '68791 Stephanie Place Apt. 345, South Nicholas, GA 49136', '(358)776-1103x81860', 'john30@hotmail.com', 6);
INSERT INTO Patients (patient_id, first_name, last_name, date_of_birth, gender, address, phone_number, email, insurance_id) VALUES (543, 'Christopher', 'Mooney', '2005-12-31', 'Female', 'Unit 5301 Box 9113, DPO AE 76384', '(336)385-3392', 'angela56@gmail.com', 6);
INSERT INTO Patients (patient_id, first_name, last_name, date_of_birth, gender, address, phone_number, email, insurance_id) VALUES (544, 'Belinda', 'Carr', '1945-03-03', 'Female', '25328 Rocha Well Suite 551, Hannahshire, UT 82711', '531-078-8937', 'chrisbailey@yahoo.com', 4);
INSERT INTO Patients (patient_id, first_name, last_name, date_of_birth, gender, address, phone_number, email, insurance_id) VALUES (545, 'Paul', 'Williamson', '1940-10-07', 'Male', '69812 Courtney Forest, Timothyton, WY 12232', '764.555.4016x6066', 'phillipcook@hotmail.com', 10);
INSERT INTO Patients (patient_id, first_name, last_name, date_of_birth, gender, address, phone_number, email, insurance_id) VALUES (546, 'Eric', 'Flowers', '1957-12-17', 'Male', '02255 William Manors, Jonesfurt, MN 40271', '702-602-9950x959', 'nicoleberg@yahoo.com', 4);
INSERT INTO Patients (patient_id, first_name, last_name, date_of_birth, gender, address, phone_number, email, insurance_id) VALUES (547, 'Veronica', 'Stephenson', '1942-04-07', 'Male', '91574 Sanchez Well Apt. 445, Brendastad, TN 29903', '302.777.7428', 'michele00@yahoo.com', 3);
INSERT INTO Patients (patient_id, first_name, last_name, date_of_birth, gender, address, phone_number, email, insurance_id) VALUES (548, 'Peggy', 'Harris', '2000-02-25', 'Female', '643 Christopher Forges, Lisatown, NH 67669', '375.018.5463', 'jennifer99@bautista.com', 9);
INSERT INTO Patients (patient_id, first_name, last_name, date_of_birth, gender, address, phone_number, email, insurance_id) VALUES (549, 'John', 'Johnson', '1963-08-15', 'Female', '462 Grant Crescent Suite 041, Kevinville, MT 58897', '(102)544-9118x07782', 'moorejessica@smith-monroe.net', 8);
INSERT INTO Patients (patient_id, first_name, last_name, date_of_birth, gender, address, phone_number, email, insurance_id) VALUES (550, 'Laura', 'Raymond', '1981-07-24', 'Male', '40655 Joshua Villages Suite 810, Tammychester, TN 94049', '709.659.7861x76667', 'jsmith@shaw.com', 2);
INSERT INTO Patients (patient_id, first_name, last_name, date_of_birth, gender, address, phone_number, email, insurance_id) VALUES (551, 'Lori', 'Baker', '1978-12-30', 'Female', '16690 Patel Run Apt. 990, Karenland, IA 87148', '+1-600-323-0829x9475', 'lutzdenise@yahoo.com', 7);
INSERT INTO Patients (patient_id, first_name, last_name, date_of_birth, gender, address, phone_number, email, insurance_id) VALUES (552, 'Angela', 'White', '1961-12-05', 'Female', '47692 Young Harbor, Johnsonton, MN 25813', '(124)370-2670', 'gary29@hotmail.com', 3);
INSERT INTO Patients (patient_id, first_name, last_name, date_of_birth, gender, address, phone_number, email, insurance_id) VALUES (553, 'Kathleen', 'Johnson', '1939-02-27', 'Male', 'USCGC Ruiz, FPO AP 00881', '010.396.8185', 'henryannette@gmail.com', 10);
INSERT INTO Patients (patient_id, first_name, last_name, date_of_birth, gender, address, phone_number, email, insurance_id) VALUES (554, 'Gina', 'Ayala', '1979-07-21', 'Female', '205 Patton Spur, West Lisaberg, WV 27234', '001-420-839-2733', 'millscindy@thompson.com', 9);
INSERT INTO Patients (patient_id, first_name, last_name, date_of_birth, gender, address, phone_number, email, insurance_id) VALUES (555, 'William', 'Green', '1942-08-18', 'Female', 'Unit 3666 Box 6863, DPO AE 71713', '978.233.3160', 'sandraaustin@gmail.com', 5);
INSERT INTO Patients (patient_id, first_name, last_name, date_of_birth, gender, address, phone_number, email, insurance_id) VALUES (556, 'Brittany', 'Mccann', '1998-08-22', 'Female', '16439 Carlos Locks, Weisschester, FL 73327', '(384)566-6370', 'rogersjoseph@hotmail.com', 8);
INSERT INTO Patients (patient_id, first_name, last_name, date_of_birth, gender, address, phone_number, email, insurance_id) VALUES (557, 'Sheri', 'Bowman', '1938-10-31', 'Male', '5944 Mary Gateway Suite 927, Lake Joshua, IA 75410', '001-438-816-3437x545', 'cpeterson@yahoo.com', 5);
INSERT INTO Patients (patient_id, first_name, last_name, date_of_birth, gender, address, phone_number, email, insurance_id) VALUES (558, 'Anthony', 'Price', '1993-09-06', 'Male', '765 Valerie Common, West Laurenburgh, TX 81637', '(138)401-3704', 'rhall@gmail.com', 8);
INSERT INTO Patients (patient_id, first_name, last_name, date_of_birth, gender, address, phone_number, email, insurance_id) VALUES (559, 'Laurie', 'Huynh', '1986-05-27', 'Male', '8052 Fernandez Mountain Suite 936, Port Whitney, NH 87226', '564-034-0323x068', 'pattersontravis@bauer.com', 3);
INSERT INTO Patients (patient_id, first_name, last_name, date_of_birth, gender, address, phone_number, email, insurance_id) VALUES (560, 'James', 'Wheeler', '1960-06-24', 'Female', '0900 Kristina Expressway Suite 175, North Taylor, DC 62212', '(371)228-0900x93563', 'alexis97@hotmail.com', 8);
INSERT INTO Patients (patient_id, first_name, last_name, date_of_birth, gender, address, phone_number, email, insurance_id) VALUES (561, 'Miguel', 'Lewis', '1949-06-12', 'Male', '61534 Johnson Flats, Evansfurt, VT 05557', '(015)662-9933x14225', 'dmcneil@yahoo.com', 10);
INSERT INTO Patients (patient_id, first_name, last_name, date_of_birth, gender, address, phone_number, email, insurance_id) VALUES (562, 'Peter', 'Owen', '1983-09-08', 'Male', '05107 Stacy Causeway, Garymouth, HI 85720', '360-348-5054x4872', 'eduardowebb@hotmail.com', 1);
INSERT INTO Patients (patient_id, first_name, last_name, date_of_birth, gender, address, phone_number, email, insurance_id) VALUES (563, 'Douglas', 'Gallegos', '1970-09-18', 'Male', '86205 Vanessa Pine, Lake Seanland, KS 54691', '(120)124-6493', 'henry21@yahoo.com', 2);
INSERT INTO Patients (patient_id, first_name, last_name, date_of_birth, gender, address, phone_number, email, insurance_id) VALUES (564, 'Eric', 'Patterson', '1954-02-04', 'Male', 'Unit 4156 Box 7305, DPO AP 76380', '001-410-341-7495', 'julie54@yahoo.com', 9);
INSERT INTO Patients (patient_id, first_name, last_name, date_of_birth, gender, address, phone_number, email, insurance_id) VALUES (565, 'Joseph', 'Long', '1969-03-26', 'Female', '25214 Christine Point Apt. 893, Lopezport, SC 47722', '424-515-8338', 'patrick06@hotmail.com', 3);
INSERT INTO Patients (patient_id, first_name, last_name, date_of_birth, gender, address, phone_number, email, insurance_id) VALUES (566, 'Michael', 'Blair', '1963-07-27', 'Male', 'USCGC Pugh, FPO AA 77630', '021.392.9952x907', 'gpacheco@hotmail.com', 6);
INSERT INTO Patients (patient_id, first_name, last_name, date_of_birth, gender, address, phone_number, email, insurance_id) VALUES (567, 'Crystal', 'Murphy', '1934-09-17', 'Female', '845 Bishop Square, Loganbury, VA 56938', '+1-488-489-3515x321', 'jessicashaw@brown-peck.org', 5);
INSERT INTO Patients (patient_id, first_name, last_name, date_of_birth, gender, address, phone_number, email, insurance_id) VALUES (568, 'Eugene', 'White', '1947-10-26', 'Female', '608 Delgado Inlet Suite 100, New Ethanhaven, WA 60951', '010-373-2173x8478', 'melvin23@hernandez.biz', 8);
INSERT INTO Patients (patient_id, first_name, last_name, date_of_birth, gender, address, phone_number, email, insurance_id) VALUES (569, 'Jill', 'Lee', '1950-01-06', 'Male', '922 Nelson Isle, Johnsonton, NH 86647', '536.101.7868', 'karidavis@erickson-gutierrez.info', 6);
INSERT INTO Patients (patient_id, first_name, last_name, date_of_birth, gender, address, phone_number, email, insurance_id) VALUES (570, 'Mike', 'Porter', '1962-09-15', 'Female', 'USCGC Garcia, FPO AP 24675', '(347)495-2799x681', 'fharris@ramos-giles.org', 9);
INSERT INTO Patients (patient_id, first_name, last_name, date_of_birth, gender, address, phone_number, email, insurance_id) VALUES (571, 'Julie', 'Douglas', '1969-07-03', 'Female', '9347 Eric Manors, Martinezburgh, MA 34620', '+1-646-403-2730', 'emma26@day-white.biz', 1);
INSERT INTO Patients (patient_id, first_name, last_name, date_of_birth, gender, address, phone_number, email, insurance_id) VALUES (572, 'Sara', 'Arnold', '1946-11-12', 'Male', '912 Jeffrey Ford Suite 084, Jensenshire, VT 75068', '(119)181-4612', 'summersbrian@davis-turner.org', 4);
INSERT INTO Patients (patient_id, first_name, last_name, date_of_birth, gender, address, phone_number, email, insurance_id) VALUES (573, 'Heather', 'Banks', '1980-07-22', 'Female', '0281 Daniel Mountains Suite 017, Nguyenland, WA 85172', '9844209327', 'jmccarty@hotmail.com', 6);
INSERT INTO Patients (patient_id, first_name, last_name, date_of_birth, gender, address, phone_number, email, insurance_id) VALUES (574, 'Matthew', 'Hill', '1965-01-29', 'Female', '09793 Johnson Throughway, Lake Kendra, FL 98277', '776.352.8402x569', 'arellanorachel@gmail.com', 9);
INSERT INTO Patients (patient_id, first_name, last_name, date_of_birth, gender, address, phone_number, email, insurance_id) VALUES (575, 'Anthony', 'Moore', '1936-08-11', 'Female', '23725 Anthony Bypass, Lake Josephshire, DC 49029', '+1-821-550-1882', 'william37@terrell-smith.org', 2);
INSERT INTO Patients (patient_id, first_name, last_name, date_of_birth, gender, address, phone_number, email, insurance_id) VALUES (576, 'Jason', 'Davis', '1951-09-30', 'Female', '3608 Hanson Hill, Port Garyside, OH 21506', '264.037.1598x40892', 'cevans@hotmail.com', 4);
INSERT INTO Patients (patient_id, first_name, last_name, date_of_birth, gender, address, phone_number, email, insurance_id) VALUES (577, 'Steven', 'Clark', '1943-12-30', 'Female', '601 Melissa Plain Suite 606, New Carlaside, ID 10649', '2425124436', 'jacqueline62@mcgee.com', 5);
INSERT INTO Patients (patient_id, first_name, last_name, date_of_birth, gender, address, phone_number, email, insurance_id) VALUES (578, 'Kelly', 'Carter', '1950-10-10', 'Male', 'USCGC Simpson, FPO AP 93923', '062-216-7226x26157', 'katherinezimmerman@mccann.biz', 1);
INSERT INTO Patients (patient_id, first_name, last_name, date_of_birth, gender, address, phone_number, email, insurance_id) VALUES (579, 'Kathleen', 'Gallagher', '1979-05-05', 'Male', '8070 Willis Keys Suite 710, Martinezshire, IL 37191', '1847343169', 'erobinson@yahoo.com', 1);
INSERT INTO Patients (patient_id, first_name, last_name, date_of_birth, gender, address, phone_number, email, insurance_id) VALUES (580, 'Gary', 'Bowers', '1947-12-08', 'Female', '570 Michelle Trail, Port Monique, NY 82522', '001-562-367-9700x582', 'croach@hotmail.com', 8);
INSERT INTO Patients (patient_id, first_name, last_name, date_of_birth, gender, address, phone_number, email, insurance_id) VALUES (581, 'Leslie', 'Stewart', '1979-03-02', 'Female', '361 Mark Canyon Suite 299, South Robertland, NV 22712', '896.865.3772x97831', 'sawyerjoseph@yahoo.com', 7);
INSERT INTO Patients (patient_id, first_name, last_name, date_of_birth, gender, address, phone_number, email, insurance_id) VALUES (582, 'Melissa', 'Parker', '1991-01-17', 'Male', '1511 Thomas Isle, Denisefort, MN 89075', '373.580.0750x250', 'ucook@hotmail.com', 5);
INSERT INTO Patients (patient_id, first_name, last_name, date_of_birth, gender, address, phone_number, email, insurance_id) VALUES (583, 'Matthew', 'Ayers', '1957-08-09', 'Male', 'PSC 7245, Box 8295, APO AP 63880', '975-046-3123', 'williamsjimmy@dodson.net', 3);
INSERT INTO Patients (patient_id, first_name, last_name, date_of_birth, gender, address, phone_number, email, insurance_id) VALUES (584, 'Andrew', 'Hicks', '1965-04-03', 'Female', '0669 Johnson Estates, Taylorburgh, NC 86004', '057.802.5920', 'jhoffman@hotmail.com', 3);
INSERT INTO Patients (patient_id, first_name, last_name, date_of_birth, gender, address, phone_number, email, insurance_id) VALUES (585, 'Steven', 'Romero', '1949-04-03', 'Male', 'PSC 3203, Box 5976, APO AA 69942', '5276118978', 'howelltina@williams.org', 8);
INSERT INTO Patients (patient_id, first_name, last_name, date_of_birth, gender, address, phone_number, email, insurance_id) VALUES (586, 'Willie', 'Spencer', '1993-06-11', 'Male', '5119 Amy Unions Suite 440, Michaelshire, WV 71069', '001-086-599-6980', 'eevans@yahoo.com', 9);
INSERT INTO Patients (patient_id, first_name, last_name, date_of_birth, gender, address, phone_number, email, insurance_id) VALUES (587, 'Rachel', 'Montgomery', '1949-10-31', 'Male', '2558 Michael Land Apt. 617, Lake Amy, NY 48718', '0404470984', 'qgraham@carey.com', 10);
INSERT INTO Patients (patient_id, first_name, last_name, date_of_birth, gender, address, phone_number, email, insurance_id) VALUES (588, 'Kelsey', 'Thompson', '1982-04-06', 'Male', '7754 Craig Mills, Murphytown, OK 03130', '166-922-6688', 'ethan79@curry-jackson.info', 7);
INSERT INTO Patients (patient_id, first_name, last_name, date_of_birth, gender, address, phone_number, email, insurance_id) VALUES (589, 'Joseph', 'Miller', '1943-12-15', 'Male', '090 Lisa Neck, Russellland, MT 97008', '001-062-085-5168x186', 'fergusonmichelle@hotmail.com', 6);
INSERT INTO Patients (patient_id, first_name, last_name, date_of_birth, gender, address, phone_number, email, insurance_id) VALUES (590, 'Scott', 'Hawkins', '2001-04-09', 'Male', '37706 Leslie Squares, Caseyland, FL 20591', '(008)616-5289x304', 'lesterheather@macdonald.org', 8);
INSERT INTO Patients (patient_id, first_name, last_name, date_of_birth, gender, address, phone_number, email, insurance_id) VALUES (591, 'Michael', 'Lucas', '1977-03-22', 'Male', '9791 Karen Walk Suite 113, Jonesburgh, AL 22308', '966-446-2085', 'melissacooper@guerrero-cervantes.com', 2);
INSERT INTO Patients (patient_id, first_name, last_name, date_of_birth, gender, address, phone_number, email, insurance_id) VALUES (592, 'Molly', 'Williams', '1966-01-02', 'Female', '400 Garcia Highway Suite 933, South Michaela, ME 01381', '630.389.7972x647', 'velezbeth@yahoo.com', 5);
INSERT INTO Patients (patient_id, first_name, last_name, date_of_birth, gender, address, phone_number, email, insurance_id) VALUES (593, 'David', 'Villarreal', '1963-03-24', 'Male', '6564 Jordan Mount Suite 054, New Maria, WV 83755', '381-477-0148x1047', 'kyle89@pierce.com', 10);
INSERT INTO Patients (patient_id, first_name, last_name, date_of_birth, gender, address, phone_number, email, insurance_id) VALUES (594, 'Karen', 'Tate', '1962-09-24', 'Female', '47750 Paul Shoal Suite 847, Jeremytown, NE 11902', '3674438370', 'abigail97@rodriguez.info', 1);
INSERT INTO Patients (patient_id, first_name, last_name, date_of_birth, gender, address, phone_number, email, insurance_id) VALUES (595, 'Shawn', 'Johnson', '1966-08-15', 'Male', 'PSC 4225, Box 4721, APO AP 81812', '814.373.1841x1150', 'melissabates@taylor-robinson.com', 1);
INSERT INTO Patients (patient_id, first_name, last_name, date_of_birth, gender, address, phone_number, email, insurance_id) VALUES (596, 'Heather', 'Ferguson', '1978-04-11', 'Male', '15788 Melissa Burgs Apt. 984, Rileyport, NJ 32131', '526.650.9508', 'mollyrogers@hines-campos.com', 8);
INSERT INTO Patients (patient_id, first_name, last_name, date_of_birth, gender, address, phone_number, email, insurance_id) VALUES (597, 'Sarah', 'Smith', '1969-06-27', 'Female', '36942 Duke Brooks Suite 356, Gonzalezberg, MO 71947', '103.565.1270', 'mcclainjeffrey@hotmail.com', 8);
INSERT INTO Patients (patient_id, first_name, last_name, date_of_birth, gender, address, phone_number, email, insurance_id) VALUES (598, 'Danielle', 'Allen', '1973-04-02', 'Male', '59027 Ochoa Mall, North Margaret, FL 57305', '001-032-075-1114x659', 'nelsonkristin@young-gilbert.com', 10);
INSERT INTO Patients (patient_id, first_name, last_name, date_of_birth, gender, address, phone_number, email, insurance_id) VALUES (599, 'Michael', 'Haley', '1935-11-01', 'Female', '0736 Caldwell Route Suite 696, Chenborough, CA 43696', '+1-938-516-6130x201', 'thomas21@gmail.com', 7);
INSERT INTO Patients (patient_id, first_name, last_name, date_of_birth, gender, address, phone_number, email, insurance_id) VALUES (600, 'Ryan', 'Lee', '1976-04-04', 'Male', 'Unit 5992 Box 9509, DPO AA 17601', '(994)504-8861x268', 'zpope@erickson.com', 6);

INSERT INTO Physicians (physician_id, first_name, last_name, specialty, phone_number, email) VALUES (31, 'Jeffrey', 'Cooper', 'Cardiology', '+1-978-426-3045x7665', 'cuevasrebecca@hotmail.com');
INSERT INTO Physicians (physician_id, first_name, last_name, specialty, phone_number, email) VALUES (32, 'Matthew', 'Reynolds', 'Dermatology', '(990)924-4557', 'lawrencesullivan@yahoo.com');
INSERT INTO Physicians (physician_id, first_name, last_name, specialty, phone_number, email) VALUES (33, 'Max', 'Dickerson', 'Neurology', '+1-264-184-5609x619', 'pmendez@cook.com');
INSERT INTO Physicians (physician_id, first_name, last_name, specialty, phone_number, email) VALUES (34, 'Dean', 'Rios', 'Oncology', '+1-878-848-2838x2757', 'ethompson@hotmail.com');
INSERT INTO Physicians (physician_id, first_name, last_name, specialty, phone_number, email) VALUES (35, 'Julia', 'Thomas', 'Cardiology', '734.444.1577x21228', 'gutierrezrebecca@hotmail.com');
INSERT INTO Physicians (physician_id, first_name, last_name, specialty, phone_number, email) VALUES (36, 'Eddie', 'Hernandez', 'Dermatology', '001-508-360-3774x391', 'jeffreyedwards@hotmail.com');
INSERT INTO Physicians (physician_id, first_name, last_name, specialty, phone_number, email) VALUES (37, 'Michelle', 'Humphrey', 'Cardiology', '+1-448-798-4459x072', 'john61@yahoo.com');
INSERT INTO Physicians (physician_id, first_name, last_name, specialty, phone_number, email) VALUES (38, 'Ronald', 'Taylor', 'Dermatology', '864-194-6799x451', 'michellecamacho@gmail.com');
INSERT INTO Physicians (physician_id, first_name, last_name, specialty, phone_number, email) VALUES (39, 'Tracey', 'Guerrero', 'Oncology', '571.414.1247x8507', 'moorelaurie@gmail.com');
INSERT INTO Physicians (physician_id, first_name, last_name, specialty, phone_number, email) VALUES (40, 'Victoria', 'Cook', 'Neurology', '065.293.1521x999', 'rhondamcbride@gmail.com');
INSERT INTO Physicians (physician_id, first_name, last_name, specialty, phone_number, email) VALUES (41, 'Andrea', 'Pope', 'Oncology', '(451)365-0300', 'floresjessica@yahoo.com');
INSERT INTO Physicians (physician_id, first_name, last_name, specialty, phone_number, email) VALUES (42, 'Spencer', 'Gonzales', 'Pediatrics', '(036)213-8793x8473', 'jamesjohn@hotmail.com');
INSERT INTO Physicians (physician_id, first_name, last_name, specialty, phone_number, email) VALUES (43, 'Sheri', 'Webb', 'Cardiology', '+1-669-621-4392', 'jensenmark@byrd-kirby.com');
INSERT INTO Physicians (physician_id, first_name, last_name, specialty, phone_number, email) VALUES (44, 'Karen', 'Nolan', 'Pediatrics', '001-808-904-7139x377', 'stokestyler@wilson.info');
INSERT INTO Physicians (physician_id, first_name, last_name, specialty, phone_number, email) VALUES (45, 'Nicholas', 'Miller', 'Dermatology', '(365)743-2492x10812', 'summersjo@hotmail.com');
INSERT INTO Physicians (physician_id, first_name, last_name, specialty, phone_number, email) VALUES (46, 'Patrick', 'Luna', 'Oncology', '0852262406', 'ericlarson@yahoo.com');
INSERT INTO Physicians (physician_id, first_name, last_name, specialty, phone_number, email) VALUES (47, 'Paula', 'Mccoy', 'Dermatology', '949-554-7083x311', 'kevin71@mitchell.biz');
INSERT INTO Physicians (physician_id, first_name, last_name, specialty, phone_number, email) VALUES (48, 'Maureen', 'Keller', 'Pediatrics', '548-683-2720', 'coopercarla@hunter-smith.org');
INSERT INTO Physicians (physician_id, first_name, last_name, specialty, phone_number, email) VALUES (49, 'Pamela', 'Duncan', 'Cardiology', '001-434-797-2830', 'daniel77@hamilton-colon.com');
INSERT INTO Physicians (physician_id, first_name, last_name, specialty, phone_number, email) VALUES (50, 'Sandra', 'Weber', 'Pediatrics', '794-769-3502x5908', 'jennifer72@dalton-wagner.info');

INSERT INTO Patient_Physician (patient_id, physician_id) VALUES (401, 34);
INSERT INTO Patient_Physician (patient_id, physician_id) VALUES (402, 43);
INSERT INTO Patient_Physician (patient_id, physician_id) VALUES (403, 50);
INSERT INTO Patient_Physician (patient_id, physician_id) VALUES (404, 48);
INSERT INTO Patient_Physician (patient_id, physician_id) VALUES (405, 45);
INSERT INTO Patient_Physician (patient_id, physician_id) VALUES (406, 39);
INSERT INTO Patient_Physician (patient_id, physician_id) VALUES (407, 34);
INSERT INTO Patient_Physician (patient_id, physician_id) VALUES (408, 38);
INSERT INTO Patient_Physician (patient_id, physician_id) VALUES (409, 38);
INSERT INTO Patient_Physician (patient_id, physician_id) VALUES (410, 34);
INSERT INTO Patient_Physician (patient_id, physician_id) VALUES (411, 46);
INSERT INTO Patient_Physician (patient_id, physician_id) VALUES (412, 44);
INSERT INTO Patient_Physician (patient_id, physician_id) VALUES (413, 37);
INSERT INTO Patient_Physician (patient_id, physician_id) VALUES (414, 41);
INSERT INTO Patient_Physician (patient_id, physician_id) VALUES (415, 45);
INSERT INTO Patient_Physician (patient_id, physician_id) VALUES (416, 46);
INSERT INTO Patient_Physician (patient_id, physician_id) VALUES (417, 43);
INSERT INTO Patient_Physician (patient_id, physician_id) VALUES (418, 34);
INSERT INTO Patient_Physician (patient_id, physician_id) VALUES (419, 47);
INSERT INTO Patient_Physician (patient_id, physician_id) VALUES (420, 49);
INSERT INTO Patient_Physician (patient_id, physician_id) VALUES (421, 34);
INSERT INTO Patient_Physician (patient_id, physician_id) VALUES (422, 37);
INSERT INTO Patient_Physician (patient_id, physician_id) VALUES (423, 33);
INSERT INTO Patient_Physician (patient_id, physician_id) VALUES (424, 36);
INSERT INTO Patient_Physician (patient_id, physician_id) VALUES (425, 41);
INSERT INTO Patient_Physician (patient_id, physician_id) VALUES (426, 36);
INSERT INTO Patient_Physician (patient_id, physician_id) VALUES (427, 47);
INSERT INTO Patient_Physician (patient_id, physician_id) VALUES (428, 48);
INSERT INTO Patient_Physician (patient_id, physician_id) VALUES (429, 39);
INSERT INTO Patient_Physician (patient_id, physician_id) VALUES (430, 37);
INSERT INTO Patient_Physician (patient_id, physician_id) VALUES (431, 50);
INSERT INTO Patient_Physician (patient_id, physician_id) VALUES (432, 40);
INSERT INTO Patient_Physician (patient_id, physician_id) VALUES (433, 46);
INSERT INTO Patient_Physician (patient_id, physician_id) VALUES (434, 40);
INSERT INTO Patient_Physician (patient_id, physician_id) VALUES (435, 34);
INSERT INTO Patient_Physician (patient_id, physician_id) VALUES (436, 44);
INSERT INTO Patient_Physician (patient_id, physician_id) VALUES (437, 39);
INSERT INTO Patient_Physician (patient_id, physician_id) VALUES (438, 39);
INSERT INTO Patient_Physician (patient_id, physician_id) VALUES (439, 48);
INSERT INTO Patient_Physician (patient_id, physician_id) VALUES (440, 47);
INSERT INTO Patient_Physician (patient_id, physician_id) VALUES (441, 48);
INSERT INTO Patient_Physician (patient_id, physician_id) VALUES (442, 39);
INSERT INTO Patient_Physician (patient_id, physician_id) VALUES (443, 38);
INSERT INTO Patient_Physician (patient_id, physician_id) VALUES (444, 50);
INSERT INTO Patient_Physician (patient_id, physician_id) VALUES (445, 42);
INSERT INTO Patient_Physician (patient_id, physician_id) VALUES (446, 40);
INSERT INTO Patient_Physician (patient_id, physician_id) VALUES (447, 31);
INSERT INTO Patient_Physician (patient_id, physician_id) VALUES (448, 37);
INSERT INTO Patient_Physician (patient_id, physician_id) VALUES (449, 47);
INSERT INTO Patient_Physician (patient_id, physician_id) VALUES (450, 38);
INSERT INTO Patient_Physician (patient_id, physician_id) VALUES (451, 42);
INSERT INTO Patient_Physician (patient_id, physician_id) VALUES (452, 34);
INSERT INTO Patient_Physician (patient_id, physician_id) VALUES (453, 36);
INSERT INTO Patient_Physician (patient_id, physician_id) VALUES (454, 40);
INSERT INTO Patient_Physician (patient_id, physician_id) VALUES (455, 31);
INSERT INTO Patient_Physician (patient_id, physician_id) VALUES (456, 45);
INSERT INTO Patient_Physician (patient_id, physician_id) VALUES (457, 45);
INSERT INTO Patient_Physician (patient_id, physician_id) VALUES (458, 41);
INSERT INTO Patient_Physician (patient_id, physician_id) VALUES (459, 34);
INSERT INTO Patient_Physician (patient_id, physician_id) VALUES (460, 45);
INSERT INTO Patient_Physician (patient_id, physician_id) VALUES (461, 47);
INSERT INTO Patient_Physician (patient_id, physician_id) VALUES (462, 31);
INSERT INTO Patient_Physician (patient_id, physician_id) VALUES (463, 42);
INSERT INTO Patient_Physician (patient_id, physician_id) VALUES (464, 39);
INSERT INTO Patient_Physician (patient_id, physician_id) VALUES (465, 43);
INSERT INTO Patient_Physician (patient_id, physician_id) VALUES (466, 40);
INSERT INTO Patient_Physician (patient_id, physician_id) VALUES (467, 43);
INSERT INTO Patient_Physician (patient_id, physician_id) VALUES (468, 39);
INSERT INTO Patient_Physician (patient_id, physician_id) VALUES (469, 49);
INSERT INTO Patient_Physician (patient_id, physician_id) VALUES (470, 35);
INSERT INTO Patient_Physician (patient_id, physician_id) VALUES (471, 37);
INSERT INTO Patient_Physician (patient_id, physician_id) VALUES (472, 38);
INSERT INTO Patient_Physician (patient_id, physician_id) VALUES (473, 50);
INSERT INTO Patient_Physician (patient_id, physician_id) VALUES (474, 41);
INSERT INTO Patient_Physician (patient_id, physician_id) VALUES (475, 42);
INSERT INTO Patient_Physician (patient_id, physician_id) VALUES (476, 39);
INSERT INTO Patient_Physician (patient_id, physician_id) VALUES (477, 35);
INSERT INTO Patient_Physician (patient_id, physician_id) VALUES (478, 37);
INSERT INTO Patient_Physician (patient_id, physician_id) VALUES (479, 45);
INSERT INTO Patient_Physician (patient_id, physician_id) VALUES (480, 45);
INSERT INTO Patient_Physician (patient_id, physician_id) VALUES (481, 37);
INSERT INTO Patient_Physician (patient_id, physician_id) VALUES (482, 48);
INSERT INTO Patient_Physician (patient_id, physician_id) VALUES (483, 31);
INSERT INTO Patient_Physician (patient_id, physician_id) VALUES (484, 38);
INSERT INTO Patient_Physician (patient_id, physician_id) VALUES (485, 50);
INSERT INTO Patient_Physician (patient_id, physician_id) VALUES (486, 36);
INSERT INTO Patient_Physician (patient_id, physician_id) VALUES (487, 33);
INSERT INTO Patient_Physician (patient_id, physician_id) VALUES (488, 49);
INSERT INTO Patient_Physician (patient_id, physician_id) VALUES (489, 47);
INSERT INTO Patient_Physician (patient_id, physician_id) VALUES (490, 50);
INSERT INTO Patient_Physician (patient_id, physician_id) VALUES (491, 42);
INSERT INTO Patient_Physician (patient_id, physician_id) VALUES (492, 33);
INSERT INTO Patient_Physician (patient_id, physician_id) VALUES (493, 41);
INSERT INTO Patient_Physician (patient_id, physician_id) VALUES (494, 40);
INSERT INTO Patient_Physician (patient_id, physician_id) VALUES (495, 49);
INSERT INTO Patient_Physician (patient_id, physician_id) VALUES (496, 40);
INSERT INTO Patient_Physician (patient_id, physician_id) VALUES (497, 48);
INSERT INTO Patient_Physician (patient_id, physician_id) VALUES (498, 44);
INSERT INTO Patient_Physician (patient_id, physician_id) VALUES (499, 45);
INSERT INTO Patient_Physician (patient_id, physician_id) VALUES (500, 34);
INSERT INTO Patient_Physician (patient_id, physician_id) VALUES (501, 35);
INSERT INTO Patient_Physician (patient_id, physician_id) VALUES (502, 32);
INSERT INTO Patient_Physician (patient_id, physician_id) VALUES (503, 32);
INSERT INTO Patient_Physician (patient_id, physician_id) VALUES (504, 31);
INSERT INTO Patient_Physician (patient_id, physician_id) VALUES (505, 49);
INSERT INTO Patient_Physician (patient_id, physician_id) VALUES (506, 42);
INSERT INTO Patient_Physician (patient_id, physician_id) VALUES (507, 46);
INSERT INTO Patient_Physician (patient_id, physician_id) VALUES (508, 44);
INSERT INTO Patient_Physician (patient_id, physician_id) VALUES (509, 36);
INSERT INTO Patient_Physician (patient_id, physician_id) VALUES (510, 45);
INSERT INTO Patient_Physician (patient_id, physician_id) VALUES (511, 37);
INSERT INTO Patient_Physician (patient_id, physician_id) VALUES (512, 40);
INSERT INTO Patient_Physician (patient_id, physician_id) VALUES (513, 44);
INSERT INTO Patient_Physician (patient_id, physician_id) VALUES (514, 37);
INSERT INTO Patient_Physician (patient_id, physician_id) VALUES (515, 44);
INSERT INTO Patient_Physician (patient_id, physician_id) VALUES (516, 48);
INSERT INTO Patient_Physician (patient_id, physician_id) VALUES (517, 44);
INSERT INTO Patient_Physician (patient_id, physician_id) VALUES (518, 34);
INSERT INTO Patient_Physician (patient_id, physician_id) VALUES (519, 38);
INSERT INTO Patient_Physician (patient_id, physician_id) VALUES (520, 47);
INSERT INTO Patient_Physician (patient_id, physician_id) VALUES (521, 32);
INSERT INTO Patient_Physician (patient_id, physician_id) VALUES (522, 48);
INSERT INTO Patient_Physician (patient_id, physician_id) VALUES (523, 46);
INSERT INTO Patient_Physician (patient_id, physician_id) VALUES (524, 42);
INSERT INTO Patient_Physician (patient_id, physician_id) VALUES (525, 47);
INSERT INTO Patient_Physician (patient_id, physician_id) VALUES (526, 39);
INSERT INTO Patient_Physician (patient_id, physician_id) VALUES (527, 45);
INSERT INTO Patient_Physician (patient_id, physician_id) VALUES (528, 43);
INSERT INTO Patient_Physician (patient_id, physician_id) VALUES (529, 48);
INSERT INTO Patient_Physician (patient_id, physician_id) VALUES (530, 34);
INSERT INTO Patient_Physician (patient_id, physician_id) VALUES (531, 33);
INSERT INTO Patient_Physician (patient_id, physician_id) VALUES (532, 32);
INSERT INTO Patient_Physician (patient_id, physician_id) VALUES (533, 35);
INSERT INTO Patient_Physician (patient_id, physician_id) VALUES (534, 38);
INSERT INTO Patient_Physician (patient_id, physician_id) VALUES (535, 34);
INSERT INTO Patient_Physician (patient_id, physician_id) VALUES (536, 43);
INSERT INTO Patient_Physician (patient_id, physician_id) VALUES (537, 42);
INSERT INTO Patient_Physician (patient_id, physician_id) VALUES (538, 34);
INSERT INTO Patient_Physician (patient_id, physician_id) VALUES (539, 45);
INSERT INTO Patient_Physician (patient_id, physician_id) VALUES (540, 36);
INSERT INTO Patient_Physician (patient_id, physician_id) VALUES (541, 31);
INSERT INTO Patient_Physician (patient_id, physician_id) VALUES (542, 50);
INSERT INTO Patient_Physician (patient_id, physician_id) VALUES (543, 34);
INSERT INTO Patient_Physician (patient_id, physician_id) VALUES (544, 36);
INSERT INTO Patient_Physician (patient_id, physician_id) VALUES (545, 38);
INSERT INTO Patient_Physician (patient_id, physician_id) VALUES (546, 35);
INSERT INTO Patient_Physician (patient_id, physician_id) VALUES (547, 31);
INSERT INTO Patient_Physician (patient_id, physician_id) VALUES (548, 44);
INSERT INTO Patient_Physician (patient_id, physician_id) VALUES (549, 50);
INSERT INTO Patient_Physician (patient_id, physician_id) VALUES (550, 37);
INSERT INTO Patient_Physician (patient_id, physician_id) VALUES (551, 50);
INSERT INTO Patient_Physician (patient_id, physician_id) VALUES (552, 35);
INSERT INTO Patient_Physician (patient_id, physician_id) VALUES (553, 42);
INSERT INTO Patient_Physician (patient_id, physician_id) VALUES (554, 47);
INSERT INTO Patient_Physician (patient_id, physician_id) VALUES (555, 37);
INSERT INTO Patient_Physician (patient_id, physician_id) VALUES (556, 36);
INSERT INTO Patient_Physician (patient_id, physician_id) VALUES (557, 36);
INSERT INTO Patient_Physician (patient_id, physician_id) VALUES (558, 48);
INSERT INTO Patient_Physician (patient_id, physician_id) VALUES (559, 41);
INSERT INTO Patient_Physician (patient_id, physician_id) VALUES (560, 31);
INSERT INTO Patient_Physician (patient_id, physician_id) VALUES (561, 34);
INSERT INTO Patient_Physician (patient_id, physician_id) VALUES (562, 49);
INSERT INTO Patient_Physician (patient_id, physician_id) VALUES (563, 36);
INSERT INTO Patient_Physician (patient_id, physician_id) VALUES (564, 39);
INSERT INTO Patient_Physician (patient_id, physician_id) VALUES (565, 46);
INSERT INTO Patient_Physician (patient_id, physician_id) VALUES (566, 42);
INSERT INTO Patient_Physician (patient_id, physician_id) VALUES (567, 32);
INSERT INTO Patient_Physician (patient_id, physician_id) VALUES (568, 45);
INSERT INTO Patient_Physician (patient_id, physician_id) VALUES (569, 40);
INSERT INTO Patient_Physician (patient_id, physician_id) VALUES (570, 41);
INSERT INTO Patient_Physician (patient_id, physician_id) VALUES (571, 49);
INSERT INTO Patient_Physician (patient_id, physician_id) VALUES (572, 33);
INSERT INTO Patient_Physician (patient_id, physician_id) VALUES (573, 46);
INSERT INTO Patient_Physician (patient_id, physician_id) VALUES (574, 37);
INSERT INTO Patient_Physician (patient_id, physician_id) VALUES (575, 49);
INSERT INTO Patient_Physician (patient_id, physician_id) VALUES (576, 43);
INSERT INTO Patient_Physician (patient_id, physician_id) VALUES (577, 46);
INSERT INTO Patient_Physician (patient_id, physician_id) VALUES (578, 41);
INSERT INTO Patient_Physician (patient_id, physician_id) VALUES (579, 31);
INSERT INTO Patient_Physician (patient_id, physician_id) VALUES (580, 49);
INSERT INTO Patient_Physician (patient_id, physician_id) VALUES (581, 34);
INSERT INTO Patient_Physician (patient_id, physician_id) VALUES (582, 37);
INSERT INTO Patient_Physician (patient_id, physician_id) VALUES (583, 45);
INSERT INTO Patient_Physician (patient_id, physician_id) VALUES (584, 32);
INSERT INTO Patient_Physician (patient_id, physician_id) VALUES (585, 48);
INSERT INTO Patient_Physician (patient_id, physician_id) VALUES (586, 49);
INSERT INTO Patient_Physician (patient_id, physician_id) VALUES (587, 33);
INSERT INTO Patient_Physician (patient_id, physician_id) VALUES (588, 47);
INSERT INTO Patient_Physician (patient_id, physician_id) VALUES (589, 44);
INSERT INTO Patient_Physician (patient_id, physician_id) VALUES (590, 38);
INSERT INTO Patient_Physician (patient_id, physician_id) VALUES (591, 45);
INSERT INTO Patient_Physician (patient_id, physician_id) VALUES (592, 43);
INSERT INTO Patient_Physician (patient_id, physician_id) VALUES (593, 47);
INSERT INTO Patient_Physician (patient_id, physician_id) VALUES (594, 34);
INSERT INTO Patient_Physician (patient_id, physician_id) VALUES (595, 39);
INSERT INTO Patient_Physician (patient_id, physician_id) VALUES (596, 36);
INSERT INTO Patient_Physician (patient_id, physician_id) VALUES (597, 33);
INSERT INTO Patient_Physician (patient_id, physician_id) VALUES (598, 34);
INSERT INTO Patient_Physician (patient_id, physician_id) VALUES (599, 43);
INSERT INTO Patient_Physician (patient_id, physician_id) VALUES (600, 49);